distance_km,mu_signal,seed,SKR_bits_per_second,SKR_bits_per_pulse,QBER
10,0.1,2025,0.0,0.0,0.006561679790026247
10,0.1,2026,0.0,0.0,0.008268259072117593
10,0.1,2027,0.0,0.0,0.014064697609001406
10,0.1,2028,0.0,0.0,0.006337709370755998
10,0.1,2029,0.0,0.0,0.011850501367365542
10,0.2,2025,312893.6990963121,0.006257873981926242,0.009066183136899365
10,0.2,2026,310334.25819136575,0.0062066851638273145,0.010258801585451154
10,0.2,2027,150930.0180986933,0.0030186003619738664,0.01050983899821109
10,0.2,2028,259870.01052639895,0.005197400210527979,0.00924000924000924
10,0.2,2029,476422.1145654966,0.009528442291309933,0.010008896797153026
10,0.3,2025,481939.6936855753,0.009638793873711506,0.011686143572621035
10,0.3,2026,390971.4367242038,0.007819428734484076,0.00927213722763097
10,0.3,2027,352928.9959782526,0.007058579919565052,0.009725223834516827
10,0.3,2028,437047.1809707672,0.008740943619415345,0.011512134411947728
10,0.3,2029,428776.2828905115,0.00857552565781023,0.0098159509202454
10,0.4,2025,539015.8652355963,0.010780317304711925,0.01044030866999546
10,0.4,2026,507496.9482367648,0.010149938964735296,0.009010049670786646
10,0.4,2027,456832.72800555243,0.009136654560111049,0.00972352389878163
10,0.4,2028,530004.612458314,0.01060009224916628,0.011594535644587303
10,0.4,2029,443298.6363884432,0.008865972727768864,0.011598237067965669
10,0.5,2025,674029.3665810152,0.013480587331620303,0.011479111780203237
10,0.5,2026,568251.2987059334,0.011365025974118668,0.008133156799697372
10,0.5,2027,513914.13003321836,0.010278282600664367,0.010208816705336427
10,0.5,2028,614433.8595043678,0.012288677190087355,0.011218245874281475
10,0.5,2029,643204.6861395699,0.012864093722791398,0.008653936600507948
10,0.6,2025,706821.3388931649,0.014136426777863297,0.011176240719030872
10,0.6,2026,748072.6962918201,0.014961453925836402,0.008198641368001873
10,0.6,2027,736748.270379265,0.014734965407585298,0.009712540142555025
10,0.6,2028,611503.7254420746,0.012230074508841492,0.010586881472957423
10,0.6,2029,621673.1966933146,0.012433463933866292,0.008851618914511996
20,0.1,2025,0.0,0.0,0.0068775790921595595
20,0.1,2026,0.0,0.0,0.008029197080291971
20,0.1,2027,0.0,0.0,0.0175054704595186
20,0.1,2028,0.0,0.0,0.009122807017543859
20,0.1,2029,0.0,0.0,0.008971704623878536
20,0.2,2025,183207.00408592157,0.0036641400817184313,0.009982174688057042
20,0.2,2026,210297.7810537776,0.004205955621075552,0.011066027296200664
20,0.2,2027,162410.7800860766,0.0032482156017215316,0.010168302945301542
20,0.2,2028,259236.1241509548,0.005184722483019096,0.00804093567251462
20,0.2,2029,378758.4667637336,0.007575169335274672,0.01053001053001053
20,0.3,2025,336119.2454140285,0.00672238490828057,0.013365735115431349
20,0.3,2026,241237.28318622013,0.004824745663724403,0.009675858732462506
20,0.3,2027,250678.0246085463,0.005013560492170926,0.010475030450669914
20,0.3,2028,306608.2940261158,0.006132165880522316,0.013447432762836185
20,0.3,2029,245996.10273722743,0.0049199220547445485,0.009230021860578091
20,0.4,2025,300024.7661084865,0.006000495322169731,0.011544011544011544
20,0.4,2026,259421.31764853842,0.005188426352970768,0.008754331570308225
20,0.4,2027,378210.5739022035,0.007564211478044071,0.009571139333701455
20,0.4,2028,283922.0343789209,0.0056784406875784186,0.010894802643329166
20,0.4,2029,295764.43012896465,0.005915288602579293,0.011079342387419585
20,0.5,2025,394313.35492578056,0.007886267098515611,0.011140428026971563
20,0.5,2026,296853.06042654434,0.0059370612085308866,0.009593023255813954
20,0.5,2027,299669.03537742427,0.0059933807075484855,0.010428907168037602
20,0.5,2028,344983.57758525986,0.006899671551705197,0.010217297452870916
20,0.5,2029,410957.50940299936,0.008219150188059987,0.010178117048346057
20,0.6,2025,461603.8714346456,0.009232077428692913,0.01209279368213228
20,0.6,2026,415634.13442429196,0.00831268268848584,0.008529304252467406
20,0.6,2027,395576.0244963685,0.00791152048992737,0.010622710622710623
20,0.6,2028,379910.7901470343,0.0075982158029406855,0.01037895244991552
20,0.6,2029,359493.218338502,0.0071898643667700395,0.009641200878691726
30,0.1,2025,0.0,0.0,0.00967741935483871
30,0.1,2026,0.0,0.0,0.0068415051311288486
30,0.1,2027,0.0,0.0,0.0170261066969353
30,0.1,2028,0.0,0.0,0.014332965821389196
30,0.1,2029,0.0,0.0,0.00949367088607595
30,0.2,2025,114193.62666494524,0.0022838725332989048,0.011771300448430493
30,0.2,2026,120245.56631543429,0.002404911326308686,0.012850467289719626
30,0.2,2027,57390.90890694321,0.0011478181781388642,0.010638297872340425
30,0.2,2028,192876.1910174995,0.0038575238203499905,0.009860788863109048
30,0.2,2029,294548.04666349816,0.005890960933269963,0.011148272017837236
30,0.3,2025,118873.91305087066,0.002377478261017413,0.011472275334608031
30,0.3,2026,91017.29489803396,0.0018203458979606792,0.01114955786236063
30,0.3,2027,218082.08349637917,0.004361641669927583,0.009765625
30,0.3,2028,176706.44128643104,0.003534128825728621,0.013026819923371647
30,0.3,2029,194833.2727116114,0.0038966654542322283,0.010176125244618396
30,0.4,2025,147452.2655187672,0.0029490453103753443,0.013333333333333334
30,0.4,2026,248452.25151828164,0.004969045030365633,0.007805724197745013
30,0.4,2027,276638.15100932145,0.0055327630201864285,0.008674842955429255
30,0.4,2028,135478.19692179046,0.002709563938435809,0.011631127111603435
30,0.4,2029,154233.65163519376,0.003084673032703875,0.012791358726549176
30,0.5,2025,238537.04254395227,0.004770740850879045,0.01245674740484429
30,0.5,2026,196413.65685897486,0.003928273137179497,0.010899182561307902
30,0.5,2027,288754.42758404155,0.0057750885516808315,0.01024297284421153
30,0.5,2028,159449.12460700763,0.0031889824921401528,0.009362460989745877
30,0.5,2029,222651.4373809876,0.004453028747619752,0.011983082706766917
30,0.6,2025,281192.22287461464,0.0056238444574922926,0.014100830596870775
30,0.6,2026,240206.29854570562,0.004804125970914112,0.008947268227679422
30,0.6,2027,314184.72979594656,0.006283694595918931,0.009955104430997463
30,0.6,2028,263708.9009526948,0.0052741780190538965,0.009402030838661151
30,0.6,2029,185480.08895386412,0.003709601779077282,0.009884052461509219
40,0.1,2025,0.0,0.0,0.010416666666666666
40,0.1,2026,0.0,0.0,0.008992805755395683
40,0.1,2027,0.0,0.0,0.01263537906137184
40,0.1,2028,0.0,0.0,0.015873015873015872
40,0.1,2029,0.0,0.0,0.008375209380234505
40,0.2,2025,145704.48957529027,0.0029140897915058053,0.012206572769953052
40,0.2,2026,0.0,0.0,0.013477088948787063
40,0.2,2027,69055.58174251765,0.001381111634850353,0.009009009009009009
40,0.2,2028,77868.42731386823,0.0015573685462773647,0.01358695652173913
40,0.2,2029,214272.5323876627,0.004285450647753254,0.010958904109589041
40,0.3,2025,80682.18622733705,0.001613643724546741,0.011022657685241886
40,0.3,2026,89374.28025736535,0.001787485605147307,0.013414634146341463
40,0.3,2027,171975.27723150904,0.003439505544630181,0.01097560975609756
40,0.3,2028,115476.66056955262,0.0023095332113910526,0.014952153110047847
40,0.3,2029,136310.08525269318,0.002726201705053864,0.011049723756906077
40,0.4,2025,64065.53272330611,0.0012813106544661223,0.01200533570475767
40,0.4,2026,143281.83740747476,0.002865636748149495,0.008144796380090498
40,0.4,2027,217510.1874803292,0.004350203749606584,0.009442870632672332
40,0.4,2028,57894.928534270795,0.001157898570685416,0.014150943396226415
40,0.4,2029,122633.55600942508,0.0024526711201885015,0.014798206278026907
40,0.5,2025,136675.7572912391,0.002733515145824782,0.010580080262677856
40,0.5,2026,112704.74302071068,0.0022540948604142137,0.00994671403197158
40,0.5,2027,144141.84702551024,0.002882836940510205,0.010849233071455293
40,0.5,2028,104495.39805653627,0.0020899079611307256,0.011327433628318584
40,0.5,2029,146341.25153019064,0.002926825030603813,0.014063656550703183
40,0.6,2025,125805.76389453931,0.002516115277890786,0.015001500150015001
40,0.6,2026,154221.2765099791,0.003084425530199582,0.009895052473763119
40,0.6,2027,194800.7655247803,0.003896015310495606,0.007946210268948655
40,0.6,2028,130980.69665742188,0.0026196139331484377,0.011343283582089553
40,0.6,2029,93084.79249022096,0.0018616958498044193,0.012420478642835504
50,0.1,2025,0.0,0.0,0.0056657223796034
50,0.1,2026,0.0,0.0,0.01098901098901099
50,0.1,2027,0.0,0.0,0.01652892561983471
50,0.1,2028,0.0,0.0,0.01876675603217158
50,0.1,2029,0.0,0.0,0.011494252873563218
50,0.2,2025,148907.80969984795,0.0029781561939969587,0.012012012012012012
50,0.2,2026,0.0,0.0,0.012949640287769784
50,0.2,2027,50618.60902541892,0.0010123721805083783,0.011188811188811189
50,0.2,2028,82267.93247379061,0.0016453586494758123,0.01488095238095238
50,0.2,2029,120170.0498049457,0.002403400996098914,0.008746355685131196
50,0.3,2025,91310.3890153702,0.0018262077803074038,0.01224105461393597
50,0.3,2026,13732.262196646077,0.00027464524393292156,0.012440191387559809
50,0.3,2027,70553.71933295697,0.0014110743866591394,0.0111731843575419
50,0.3,2028,22333.767765166554,0.0004466753553033311,0.0149812734082397
50,0.3,2029,91172.81409356838,0.0018234562818713676,0.012487992315081652
50,0.4,2025,37608.408619475806,0.0007521681723895161,0.009722222222222222
50,0.4,2026,70077.7866426848,0.0014015557328536962,0.010174418604651164
50,0.4,2027,133323.0553032665,0.00266646110606533,0.011102886750555145
50,0.4,2028,69032.88613522981,0.0013806577227045962,0.017041581458759374
50,0.4,2029,127219.20380231232,0.0025443840760462464,0.011494252873563218
50,0.5,2025,92080.47822935278,0.0018416095645870556,0.008695652173913044
50,0.5,2026,73484.1366554279,0.001469682733108558,0.012089810017271158
50,0.5,2027,98999.66069372563,0.0019799932138745125,0.012956419316843345
50,0.5,2028,48986.53860083538,0.0009797307720167076,0.013873473917869035
50,0.5,2029,107315.43219223827,0.0021463086438447652,0.011986301369863013
50,0.6,2025,62130.91890589357,0.0012426183781178715,0.014761904761904763
50,0.6,2026,82978.08020918362,0.0016595616041836724,0.012007684918347743
50,0.6,2027,107623.58562971956,0.002152471712594391,0.011224987798926306
50,0.6,2028,83310.64687636578,0.0016662129375273156,0.011010052656773576
50,0.6,2029,102736.53345635683,0.0020547306691271368,0.012013455069678039
60,0.1,2025,0.0,0.0,0.0
60,0.1,2026,0.0,0.0,0.008888888888888889
60,0.1,2027,0.0,0.0,0.008264462809917356
60,0.1,2028,0.0,0.0,0.02092050209205021
60,0.1,2029,0.0,0.0,0.013392857142857142
60,0.2,2025,155444.09693232653,0.0031088819386465307,0.019184652278177457
60,0.2,2026,0.0,0.0,0.009478672985781991
60,0.2,2027,72696.68132994637,0.0014539336265989274,0.006696428571428571
60,0.2,2028,54592.64775468126,0.0010918529550936252,0.016091954022988506
60,0.2,2029,106702.90113607857,0.0021340580227215715,0.00980392156862745
60,0.3,2025,54373.58944026293,0.0010874717888052585,0.013761467889908258
60,0.3,2026,0.0,0.0,0.012139605462822459
60,0.3,2027,62738.90540494649,0.0012547781080989298,0.013846153846153847
60,0.3,2028,26567.70593956611,0.0005313541187913222,0.014771048744460856
60,0.3,2029,53031.41783389352,0.0010606283566778705,0.016717325227963525
60,0.4,2025,32658.50861350594,0.0006531701722701188,0.009857612267250822
60,0.4,2026,37664.55830648287,0.0007532911661296573,0.008225616921269096
60,0.4,2027,90257.43382473318,0.0018051486764946636,0.013546798029556651
60,0.4,2028,40697.76712179568,0.0008139553424359136,0.019693654266958426
60,0.4,2029,52432.05723472878,0.0010486411446945757,0.013777267508610792
60,0.5,2025,94427.21974778495,0.001888544394955699,0.010119595216191352
60,0.5,2026,62958.37170535213,0.0012591674341070427,0.009182736455463728
60,0.5,2027,76962.86651745152,0.0015392573303490303,0.015151515151515152
60,0.5,2028,28266.0365401825,0.00056532073080365,0.015638575152041704
60,0.5,2029,35434.742693913526,0.0007086948538782706,0.012658227848101266
60,0.6,2025,52532.179618626884,0.0010506435923725377,0.017624521072796936
60,0.6,2026,52850.633956463054,0.001057012679129261,0.010180109631949883
60,0.6,2027,49552.35851266158,0.0009910471702532315,0.012698412698412698
60,0.6,2028,68046.65100471141,0.0013609330200942283,0.010980966325036604
60,0.6,2029,38614.2384777112,0.000772284769554224,0.010852713178294573
70,0.1,2025,0.0,0.0,0.0
70,0.1,2026,0.0,0.0,0.013986013986013986
70,0.1,2027,0.0,0.0,0.0
70,0.1,2028,0.0,0.0,0.02112676056338028
70,0.1,2029,0.0,0.0,0.019867549668874173
70,0.2,2025,121438.52209778967,0.0024287704419557934,0.007575757575757576
70,0.2,2026,0.0,0.0,0.011152416356877323
70,0.2,2027,67101.23789338894,0.0013420247578677788,0.006944444444444444
70,0.2,2028,24380.501599451745,0.00048761003198903493,0.025454545454545455
70,0.2,2029,59007.87066048795,0.001180157413209759,0.011235955056179775
70,0.3,2025,19316.404670507218,0.0003863280934101444,0.016548463356973995
70,0.3,2026,0.0,0.0,0.007317073170731708
70,0.3,2027,45936.523789306026,0.0009187304757861206,0.0171990171990172
70,0.3,2028,19855.24341516515,0.000397104868303303,0.020594965675057208
70,0.3,2029,14555.429808856165,0.0002911085961771233,0.018475750577367205
70,0.4,2025,6605.579566563339,0.00013211159133126677,0.012367491166077738
70,0.4,2026,23330.95721412827,0.00046661914428256543,0.005714285714285714
70,0.4,2027,64985.47911905913,0.0012997095823811826,0.013725490196078431
70,0.4,2028,5118.948071561772,0.00010237896143123545,0.015410958904109588
70,0.4,2029,42057.50923176416,0.0008411501846352832,0.015706806282722512
70,0.5,2025,45300.16287243656,0.0009060032574487311,0.01308139534883721
70,0.5,2026,61730.61169631653,0.0012346122339263307,0.011363636363636364
70,0.5,2027,55776.24195320189,0.0011155248390640378,0.019548872180451128
70,0.5,2028,17935.89606249256,0.0003587179212498512,0.01675977653631285
70,0.5,2029,9645.830251397072,0.00019291660502794144,0.011363636363636364
70,0.6,2025,14931.828160636263,0.0002986365632127253,0.022754491017964073
70,0.6,2026,35412.815581172756,0.0007082563116234551,0.011961722488038277
70,0.6,2027,31450.076079498853,0.0006290015215899771,0.015018773466833541
70,0.6,2028,37050.10736668671,0.0007410021473337342,0.012471655328798186
70,0.6,2029,28848.755007192354,0.0005769751001438471,0.01240694789081886
80,0.1,2025,0.0,0.0,0.0
80,0.1,2026,0.0,0.0,0.02247191011235955
80,0.1,2027,0.0,0.0,0.0
80,0.1,2028,0.0,0.0,0.02197802197802198
80,0.1,2029,0.0,0.0,0.02197802197802198
80,0.2,2025,73761.25165277632,0.0014752250330555263,0.0125
80,0.2,2026,0.0,0.0,0.011560693641618497
80,0.2,2027,57515.57820841991,0.0011503115641683982,0.0
80,0.2,2028,860.1529292016835,1.720305858403367e-05,0.018292682926829267
80,0.2,2029,74748.18526543916,0.0014949637053087831,0.01818181818181818
80,0.3,2025,0.0,0.0,0.025362318840579712
80,0.3,2026,0.0,0.0,0.011320754716981131
80,0.3,2027,40938.19633345953,0.0008187639266691906,0.01984126984126984
80,0.3,2028,9523.171571730169,0.00019046343143460336,0.01773049645390071
80,0.3,2029,31536.083763001163,0.0006307216752600232,0.016194331983805668
80,0.4,2025,20.324680871811392,4.0649361743622787e-07,0.01639344262295082
80,0.4,2026,15473.959062055874,0.0003094791812411175,0.0029585798816568047
80,0.4,2027,44207.28612931282,0.0008841457225862565,0.012269938650306749
80,0.4,2028,22262.492992442647,0.00044524985984885297,0.019337016574585635
80,0.4,2029,32688.688117360714,0.0006537737623472143,0.0196078431372549
80,0.5,2025,24291.89132448797,0.00048583782648975937,0.013392857142857142
80,0.5,2026,33872.98894135308,0.0006774597788270616,0.01366742596810934
80,0.5,2027,37404.67209025982,0.0007480934418051963,0.012690355329949238
80,0.5,2028,14144.156368033,0.00028288312736066,0.015625
80,0.5,2029,22015.458211241512,0.00044030916422483024,0.01639344262295082
80,0.6,2025,5894.766381900209,0.00011789532763800418,0.022556390977443608
80,0.6,2026,25779.68448660187,0.0005155936897320374,0.01730769230769231
80,0.6,2027,17033.006693357183,0.00034066013386714367,0.012320328542094456
80,0.6,2028,28817.029872394563,0.0005763405974478912,0.008849557522123894
80,0.6,2029,27016.95620934096,0.0005403391241868192,0.013409961685823755
90,0.1,2025,0.0,0.0,0.0
90,0.1,2026,0.0,0.0,0.03333333333333333
90,0.1,2027,0.0,0.0,0.0
90,0.1,2028,0.0,0.0,0.045454545454545456
90,0.1,2029,0.0,0.0,0.018867924528301886
90,0.2,2025,61586.999829831904,0.001231739996596638,0.02127659574468085
90,0.2,2026,1259.1857831403543,2.5183715662807085e-05,0.009523809523809525
90,0.2,2027,23673.614535737015,0.00047347229071474027,0.0
90,0.2,2028,0.0,0.0,0.027777777777777776
90,0.2,2029,37136.53081606781,0.0007427306163213562,0.009708737864077669
90,0.3,2025,0.0,0.0,0.02702702702702703
90,0.3,2026,10890.528350510993,0.00021781056701021984,0.006134969325153374
90,0.3,2027,13650.73333011183,0.0002730146666022366,0.012195121951219513
90,0.3,2028,3115.838990410266,6.231677980820532e-05,0.023809523809523808
90,0.3,2029,27748.27771218153,0.0005549655542436306,0.00641025641025641
90,0.4,2025,3093.883216616955,6.18776643323391e-05,0.017777777777777778
90,0.4,2026,20029.70458678543,0.0004005940917357086,0.0045871559633027525
90,0.4,2027,29466.953278976744,0.0005893390655795349,0.0049261083743842365
90,0.4,2028,15232.930437746945,0.0003046586087549389,0.01276595744680851
90,0.4,2029,11083.188248679848,0.00022166376497359695,0.015810276679841896
90,0.5,2025,23718.647313969013,0.0004743729462793803,0.007194244604316547
90,0.5,2026,28219.208600119648,0.0005643841720023929,0.014760147601476014
90,0.5,2027,40982.160746076785,0.0008196432149215356,0.00851063829787234
90,0.5,2028,1495.3618329407445,2.990723665881489e-05,0.017361111111111112
90,0.5,2029,3262.6968815105183,6.525393763021036e-05,0.01694915254237288
90,0.6,2025,4458.989677303257,8.917979354606514e-05,0.022988505747126436
90,0.6,2026,13948.974959318926,0.00027897949918637854,0.020527859237536656
90,0.6,2027,16172.535449952275,0.0003234507089990455,0.007434944237918215
90,0.6,2028,17568.36846364233,0.0003513673692728466,0.014084507042253521
90,0.6,2029,9859.545428542779,0.00019719090857085557,0.014792899408284023
100,0.1,2025,0.0,0.0,0.0
100,0.1,2026,0.0,0.0,0.05128205128205128
100,0.1,2027,0.0,0.0,0.0
100,0.1,2028,0.0,0.0,0.043478260869565216
100,0.1,2029,0.0,0.0,0.0
100,0.2,2025,57379.69345498653,0.0011475938690997307,0.03225806451612903
100,0.2,2026,7460.60770605317,0.0001492121541210634,0.013888888888888888
100,0.2,2027,22446.2256100819,0.000448924512201638,0.0
100,0.2,2028,5596.882386155925,0.0001119376477231185,0.0273972602739726
100,0.2,2029,13094.905089616293,0.00026189810179232586,0.0
100,0.3,2025,0.0,0.0,0.031746031746031744
100,0.3,2026,16468.426801898102,0.00032936853603796203,0.0
100,0.3,2027,15639.038241122089,0.0003127807648224418,0.018867924528301886
100,0.3,2028,7553.0165836201695,0.0001510603316724034,0.02564102564102564
100,0.3,2029,0.0,0.0,0.010638297872340425
100,0.4,2025,7997.405568716147,0.00015994811137432294,0.020689655172413793
100,0.4,2026,11401.786544071494,0.0002280357308814299,0.0
100,0.4,2027,21365.3616354593,0.000427307232709186,0.007352941176470588
100,0.4,2028,20029.42876863552,0.0004005885753727104,0.006944444444444444
100,0.4,2029,0.0,0.0,0.013888888888888888
100,0.5,2025,21066.184401504845,0.0004213236880300969,0.011764705882352941
100,0.5,2026,14472.749431243039,0.00028945498862486077,0.011695906432748537
100,0.5,2027,28409.456426979443,0.0005681891285395889,0.007042253521126761
100,0.5,2028,7080.142626309896,0.00014160285252619792,0.023668639053254437
100,0.5,2029,572.9119302896983,1.1458238605793965e-05,0.005952380952380952
100,0.6,2025,13658.337790751286,0.0002731667558150257,0.03255813953488372
100,0.6,2026,3699.4810496849605,7.398962099369921e-05,0.02358490566037736
100,0.6,2027,10287.256071467504,0.00020574512142935007,0.0056179775280898875
100,0.6,2028,12082.38746658993,0.00024164774933179857,0.023148148148148147
100,0.6,2029,5908.400376907573,0.00011816800753815147,0.014778325123152709
